merchant_id,merchant_name,merchant_category,city,state
MER00001,Grocery Merchant 1,Grocery,Warangal,Telangana
MER00002,Grocery Merchant 2,Grocery,Coimbatore,Tamil Nadu
MER00003,Entertainment Merchant 3,Entertainment,Surat,Gujarat
MER00004,Utilities Merchant 4,Utilities,Thiruvananthapuram,Kerala
MER00005,Electronics Merchant 5,Electronics,Udaipur,Rajasthan
MER00006,Online Shopping Merchant 6,Online Shopping,Warangal,Telangana
MER00007,Utilities Merchant 7,Utilities,Bengaluru,Karnataka
MER00008,Grocery Merchant 8,Grocery,New Delhi,Delhi
MER00009,Clothing Merchant 9,Clothing,Kanpur,Uttar Pradesh
MER00010,Grocery Merchant 10,Grocery,Jaipur,Rajasthan
MER00011,Electronics Merchant 11,Electronics,Jaipur,Rajasthan
MER00012,Education Merchant 12,Education,Mumbai,Maharashtra
MER00013,Restaurant Merchant 13,Restaurant,Warangal,Telangana
MER00014,Jewelry Merchant 14,Jewelry,Lucknow,Uttar Pradesh
MER00015,Jewelry Merchant 15,Jewelry,Lucknow,Uttar Pradesh
MER00016,Education Merchant 16,Education,Nashik,Maharashtra
MER00017,Clothing Merchant 17,Clothing,Noida,Uttar Pradesh
MER00018,Online Shopping Merchant 18,Online Shopping,New Delhi,Delhi
MER00019,Travel Merchant 19,Travel,New Delhi,Delhi
MER00020,Education Merchant 20,Education,Ahmedabad,Gujarat
MER00021,Healthcare Merchant 21,Healthcare,Thiruvananthapuram,Kerala
MER00022,Entertainment Merchant 22,Entertainment,Mumbai,Maharashtra
MER00023,Restaurant Merchant 23,Restaurant,Noida,Uttar Pradesh
MER00024,Clothing Merchant 24,Clothing,Pune,Maharashtra
MER00025,Healthcare Merchant 25,Healthcare,Kochi,Kerala
MER00026,Healthcare Merchant 26,Healthcare,Pune,Maharashtra
MER00027,Entertainment Merchant 27,Entertainment,Kochi,Kerala
MER00028,Jewelry Merchant 28,Jewelry,Udaipur,Rajasthan
MER00029,Education Merchant 29,Education,Jaipur,Rajasthan
MER00030,Education Merchant 30,Education,Udaipur,Rajasthan
MER00031,Travel Merchant 31,Travel,Pune,Maharashtra
MER00032,Utilities Merchant 32,Utilities,Mumbai,Maharashtra
MER00033,Travel Merchant 33,Travel,Jaipur,Rajasthan
MER00034,Online Shopping Merchant 34,Online Shopping,Kozhikode,Kerala
MER00035,Education Merchant 35,Education,New Delhi,Delhi
MER00036,Entertainment Merchant 36,Entertainment,Kozhikode,Kerala
MER00037,Restaurant Merchant 37,Restaurant,Kochi,Kerala
MER00038,Grocery Merchant 38,Grocery,Surat,Gujarat
MER00039,Electronics Merchant 39,Electronics,Mangaluru,Karnataka
MER00040,Utilities Merchant 40,Utilities,Kochi,Kerala
MER00041,Clothing Merchant 41,Clothing,Kolkata,West Bengal
MER00042,Restaurant Merchant 42,Restaurant,Bengaluru,Karnataka
MER00043,Grocery Merchant 43,Grocery,Madurai,Tamil Nadu
MER00044,Fuel Merchant 44,Fuel,New Delhi,Delhi
MER00045,Travel Merchant 45,Travel,Chennai,Tamil Nadu
MER00046,Healthcare Merchant 46,Healthcare,New Delhi,Delhi
MER00047,Education Merchant 47,Education,Hyderabad,Telangana
MER00048,Clothing Merchant 48,Clothing,Nagpur,Maharashtra
MER00049,Utilities Merchant 49,Utilities,Vadodara,Gujarat
MER00050,Electronics Merchant 50,Electronics,Chennai,Tamil Nadu
MER00051,Grocery Merchant 51,Grocery,Coimbatore,Tamil Nadu
MER00052,Healthcare Merchant 52,Healthcare,Madurai,Tamil Nadu
MER00053,Utilities Merchant 53,Utilities,Vadodara,Gujarat
MER00054,Electronics Merchant 54,Electronics,Warangal,Telangana
MER00055,Grocery Merchant 55,Grocery,Nashik,Maharashtra
MER00056,Online Shopping Merchant 56,Online Shopping,Kolkata,West Bengal
MER00057,Travel Merchant 57,Travel,Kolkata,West Bengal
MER00058,Grocery Merchant 58,Grocery,Hyderabad,Telangana
MER00059,Healthcare Merchant 59,Healthcare,Warangal,Telangana
MER00060,Travel Merchant 60,Travel,Kochi,Kerala
MER00061,Education Merchant 61,Education,New Delhi,Delhi
MER00062,Grocery Merchant 62,Grocery,Udaipur,Rajasthan
MER00063,Electronics Merchant 63,Electronics,Nagpur,Maharashtra
MER00064,Grocery Merchant 64,Grocery,Kanpur,Uttar Pradesh
MER00065,Healthcare Merchant 65,Healthcare,Nashik,Maharashtra
MER00066,Jewelry Merchant 66,Jewelry,New Delhi,Delhi
MER00067,Fuel Merchant 67,Fuel,Jaipur,Rajasthan
MER00068,Travel Merchant 68,Travel,Lucknow,Uttar Pradesh
MER00069,Grocery Merchant 69,Grocery,Hubballi,Karnataka
MER00070,Healthcare Merchant 70,Healthcare,Jaipur,Rajasthan
MER00071,Education Merchant 71,Education,Ahmedabad,Gujarat
MER00072,Education Merchant 72,Education,New Delhi,Delhi
MER00073,Clothing Merchant 73,Clothing,Nagpur,Maharashtra
MER00074,Fuel Merchant 74,Fuel,Kozhikode,Kerala
MER00075,Utilities Merchant 75,Utilities,New Delhi,Delhi
MER00076,Electronics Merchant 76,Electronics,Kozhikode,Kerala
MER00077,Education Merchant 77,Education,Warangal,Telangana
MER00078,Utilities Merchant 78,Utilities,Vadodara,Gujarat
MER00079,Jewelry Merchant 79,Jewelry,Madurai,Tamil Nadu
MER00080,Clothing Merchant 80,Clothing,Thiruvananthapuram,Kerala
MER00081,Travel Merchant 81,Travel,Mangaluru,Karnataka
MER00082,Jewelry Merchant 82,Jewelry,Warangal,Telangana
MER00083,Healthcare Merchant 83,Healthcare,Noida,Uttar Pradesh
MER00084,Entertainment Merchant 84,Entertainment,Kolkata,West Bengal
MER00085,Utilities Merchant 85,Utilities,Warangal,Telangana
MER00086,Restaurant Merchant 86,Restaurant,Madurai,Tamil Nadu
MER00087,Education Merchant 87,Education,Kozhikode,Kerala
MER00088,Restaurant Merchant 88,Restaurant,Kanpur,Uttar Pradesh
MER00089,Online Shopping Merchant 89,Online Shopping,Warangal,Telangana
MER00090,Grocery Merchant 90,Grocery,Hyderabad,Telangana
MER00091,Entertainment Merchant 91,Entertainment,Mysuru,Karnataka
MER00092,Entertainment Merchant 92,Entertainment,Lucknow,Uttar Pradesh
MER00093,Jewelry Merchant 93,Jewelry,Vadodara,Gujarat
MER00094,Entertainment Merchant 94,Entertainment,Warangal,Telangana
MER00095,Electronics Merchant 95,Electronics,Ahmedabad,Gujarat
MER00096,Fuel Merchant 96,Fuel,Bengaluru,Karnataka
MER00097,Utilities Merchant 97,Utilities,Hyderabad,Telangana
MER00098,Grocery Merchant 98,Grocery,Udaipur,Rajasthan
MER00099,Restaurant Merchant 99,Restaurant,Jaipur,Rajasthan
MER00100,Entertainment Merchant 100,Entertainment,Kolkata,West Bengal
MER00101,Entertainment Merchant 101,Entertainment,Udaipur,Rajasthan
MER00102,Clothing Merchant 102,Clothing,Noida,Uttar Pradesh
MER00103,Entertainment Merchant 103,Entertainment,Vadodara,Gujarat
MER00104,Entertainment Merchant 104,Entertainment,Madurai,Tamil Nadu
MER00105,Online Shopping Merchant 105,Online Shopping,Kolkata,West Bengal
MER00106,Entertainment Merchant 106,Entertainment,Kozhikode,Kerala
MER00107,Entertainment Merchant 107,Entertainment,Warangal,Telangana
MER00108,Online Shopping Merchant 108,Online Shopping,Nagpur,Maharashtra
MER00109,Healthcare Merchant 109,Healthcare,Thiruvananthapuram,Kerala
MER00110,Electronics Merchant 110,Electronics,Jaipur,Rajasthan
MER00111,Fuel Merchant 111,Fuel,Chennai,Tamil Nadu
MER00112,Online Shopping Merchant 112,Online Shopping,Madurai,Tamil Nadu
MER00113,Fuel Merchant 113,Fuel,Nashik,Maharashtra
MER00114,Fuel Merchant 114,Fuel,New Delhi,Delhi
MER00115,Fuel Merchant 115,Fuel,Mysuru,Karnataka
MER00116,Utilities Merchant 116,Utilities,Vadodara,Gujarat
MER00117,Entertainment Merchant 117,Entertainment,Hubballi,Karnataka
MER00118,Travel Merchant 118,Travel,Mangaluru,Karnataka
MER00119,Clothing Merchant 119,Clothing,Surat,Gujarat
MER00120,Entertainment Merchant 120,Entertainment,Jaipur,Rajasthan
MER00121,Fuel Merchant 121,Fuel,Warangal,Telangana
MER00122,Fuel Merchant 122,Fuel,Kolkata,West Bengal
MER00123,Utilities Merchant 123,Utilities,New Delhi,Delhi
MER00124,Electronics Merchant 124,Electronics,Coimbatore,Tamil Nadu
MER00125,Grocery Merchant 125,Grocery,Noida,Uttar Pradesh
MER00126,Jewelry Merchant 126,Jewelry,Vadodara,Gujarat
MER00127,Education Merchant 127,Education,Bengaluru,Karnataka
MER00128,Entertainment Merchant 128,Entertainment,Ahmedabad,Gujarat
MER00129,Travel Merchant 129,Travel,Chennai,Tamil Nadu
MER00130,Online Shopping Merchant 130,Online Shopping,Surat,Gujarat
MER00131,Healthcare Merchant 131,Healthcare,Kolkata,West Bengal
MER00132,Fuel Merchant 132,Fuel,Surat,Gujarat
MER00133,Entertainment Merchant 133,Entertainment,Kochi,Kerala
MER00134,Healthcare Merchant 134,Healthcare,Bengaluru,Karnataka
MER00135,Education Merchant 135,Education,Hyderabad,Telangana
MER00136,Online Shopping Merchant 136,Online Shopping,Bengaluru,Karnataka
MER00137,Jewelry Merchant 137,Jewelry,Hyderabad,Telangana
MER00138,Electronics Merchant 138,Electronics,Chennai,Tamil Nadu
MER00139,Jewelry Merchant 139,Jewelry,Kolkata,West Bengal
MER00140,Utilities Merchant 140,Utilities,Warangal,Telangana
MER00141,Electronics Merchant 141,Electronics,Thiruvananthapuram,Kerala
MER00142,Utilities Merchant 142,Utilities,Noida,Uttar Pradesh
MER00143,Travel Merchant 143,Travel,Pune,Maharashtra
MER00144,Travel Merchant 144,Travel,Mumbai,Maharashtra
MER00145,Fuel Merchant 145,Fuel,Noida,Uttar Pradesh
MER00146,Online Shopping Merchant 146,Online Shopping,Vadodara,Gujarat
MER00147,Restaurant Merchant 147,Restaurant,Pune,Maharashtra
MER00148,Jewelry Merchant 148,Jewelry,Kozhikode,Kerala
MER00149,Healthcare Merchant 149,Healthcare,Mumbai,Maharashtra
MER00150,Education Merchant 150,Education,Udaipur,Rajasthan
MER00151,Clothing Merchant 151,Clothing,New Delhi,Delhi
MER00152,Fuel Merchant 152,Fuel,New Delhi,Delhi
MER00153,Fuel Merchant 153,Fuel,Kolkata,West Bengal
MER00154,Utilities Merchant 154,Utilities,New Delhi,Delhi
MER00155,Electronics Merchant 155,Electronics,Coimbatore,Tamil Nadu
MER00156,Jewelry Merchant 156,Jewelry,Udaipur,Rajasthan
MER00157,Entertainment Merchant 157,Entertainment,Udaipur,Rajasthan
MER00158,Jewelry Merchant 158,Jewelry,Vadodara,Gujarat
MER00159,Online Shopping Merchant 159,Online Shopping,Thiruvananthapuram,Kerala
MER00160,Entertainment Merchant 160,Entertainment,Nagpur,Maharashtra
MER00161,Jewelry Merchant 161,Jewelry,Warangal,Telangana
MER00162,Fuel Merchant 162,Fuel,Noida,Uttar Pradesh
MER00163,Entertainment Merchant 163,Entertainment,New Delhi,Delhi
MER00164,Entertainment Merchant 164,Entertainment,New Delhi,Delhi
MER00165,Travel Merchant 165,Travel,Warangal,Telangana
MER00166,Jewelry Merchant 166,Jewelry,New Delhi,Delhi
MER00167,Grocery Merchant 167,Grocery,Kozhikode,Kerala
MER00168,Restaurant Merchant 168,Restaurant,Jaipur,Rajasthan
MER00169,Entertainment Merchant 169,Entertainment,Warangal,Telangana
MER00170,Utilities Merchant 170,Utilities,Jaipur,Rajasthan
MER00171,Entertainment Merchant 171,Entertainment,Kolkata,West Bengal
MER00172,Travel Merchant 172,Travel,Bengaluru,Karnataka
MER00173,Utilities Merchant 173,Utilities,Warangal,Telangana
MER00174,Education Merchant 174,Education,Warangal,Telangana
MER00175,Entertainment Merchant 175,Entertainment,Kanpur,Uttar Pradesh
MER00176,Fuel Merchant 176,Fuel,Udaipur,Rajasthan
MER00177,Healthcare Merchant 177,Healthcare,Udaipur,Rajasthan
MER00178,Travel Merchant 178,Travel,Kolkata,West Bengal
MER00179,Restaurant Merchant 179,Restaurant,Kochi,Kerala
MER00180,Restaurant Merchant 180,Restaurant,Warangal,Telangana
MER00181,Online Shopping Merchant 181,Online Shopping,Jaipur,Rajasthan
MER00182,Travel Merchant 182,Travel,Warangal,Telangana
MER00183,Jewelry Merchant 183,Jewelry,Noida,Uttar Pradesh
MER00184,Online Shopping Merchant 184,Online Shopping,Kochi,Kerala
MER00185,Healthcare Merchant 185,Healthcare,Kochi,Kerala
MER00186,Grocery Merchant 186,Grocery,Coimbatore,Tamil Nadu
MER00187,Travel Merchant 187,Travel,Jaipur,Rajasthan
MER00188,Clothing Merchant 188,Clothing,Bengaluru,Karnataka
MER00189,Electronics Merchant 189,Electronics,Kozhikode,Kerala
MER00190,Grocery Merchant 190,Grocery,Kolkata,West Bengal
MER00191,Entertainment Merchant 191,Entertainment,Kanpur,Uttar Pradesh
MER00192,Healthcare Merchant 192,Healthcare,Kolkata,West Bengal
MER00193,Travel Merchant 193,Travel,Chennai,Tamil Nadu
MER00194,Restaurant Merchant 194,Restaurant,Kolkata,West Bengal
MER00195,Restaurant Merchant 195,Restaurant,Surat,Gujarat
MER00196,Education Merchant 196,Education,Noida,Uttar Pradesh
MER00197,Electronics Merchant 197,Electronics,Mysuru,Karnataka
MER00198,Restaurant Merchant 198,Restaurant,Kanpur,Uttar Pradesh
MER00199,Clothing Merchant 199,Clothing,Hyderabad,Telangana
MER00200,Jewelry Merchant 200,Jewelry,Vadodara,Gujarat
MER00201,Clothing Merchant 201,Clothing,Lucknow,Uttar Pradesh
MER00202,Entertainment Merchant 202,Entertainment,Surat,Gujarat
MER00203,Fuel Merchant 203,Fuel,Kozhikode,Kerala
MER00204,Jewelry Merchant 204,Jewelry,Kozhikode,Kerala
MER00205,Online Shopping Merchant 205,Online Shopping,Bengaluru,Karnataka
MER00206,Education Merchant 206,Education,Warangal,Telangana
MER00207,Online Shopping Merchant 207,Online Shopping,Pune,Maharashtra
MER00208,Restaurant Merchant 208,Restaurant,Madurai,Tamil Nadu
MER00209,Fuel Merchant 209,Fuel,Chennai,Tamil Nadu
MER00210,Travel Merchant 210,Travel,Kolkata,West Bengal
MER00211,Travel Merchant 211,Travel,Mysuru,Karnataka
MER00212,Entertainment Merchant 212,Entertainment,Kozhikode,Kerala
MER00213,Travel Merchant 213,Travel,Pune,Maharashtra
MER00214,Online Shopping Merchant 214,Online Shopping,Noida,Uttar Pradesh
MER00215,Clothing Merchant 215,Clothing,Ahmedabad,Gujarat
MER00216,Travel Merchant 216,Travel,Hyderabad,Telangana
MER00217,Grocery Merchant 217,Grocery,Chennai,Tamil Nadu
MER00218,Jewelry Merchant 218,Jewelry,Coimbatore,Tamil Nadu
MER00219,Entertainment Merchant 219,Entertainment,Kanpur,Uttar Pradesh
MER00220,Utilities Merchant 220,Utilities,Nashik,Maharashtra
MER00221,Fuel Merchant 221,Fuel,Kozhikode,Kerala
MER00222,Clothing Merchant 222,Clothing,Kozhikode,Kerala
MER00223,Restaurant Merchant 223,Restaurant,Kolkata,West Bengal
MER00224,Fuel Merchant 224,Fuel,Lucknow,Uttar Pradesh
MER00225,Grocery Merchant 225,Grocery,New Delhi,Delhi
MER00226,Education Merchant 226,Education,Pune,Maharashtra
MER00227,Grocery Merchant 227,Grocery,Noida,Uttar Pradesh
MER00228,Grocery Merchant 228,Grocery,Kozhikode,Kerala
MER00229,Clothing Merchant 229,Clothing,Coimbatore,Tamil Nadu
MER00230,Electronics Merchant 230,Electronics,Kolkata,West Bengal
MER00231,Education Merchant 231,Education,Kanpur,Uttar Pradesh
MER00232,Entertainment Merchant 232,Entertainment,Kolkata,West Bengal
MER00233,Healthcare Merchant 233,Healthcare,New Delhi,Delhi
MER00234,Electronics Merchant 234,Electronics,New Delhi,Delhi
MER00235,Utilities Merchant 235,Utilities,New Delhi,Delhi
MER00236,Education Merchant 236,Education,Kolkata,West Bengal
MER00237,Grocery Merchant 237,Grocery,Vadodara,Gujarat
MER00238,Healthcare Merchant 238,Healthcare,Kolkata,West Bengal
MER00239,Restaurant Merchant 239,Restaurant,Thiruvananthapuram,Kerala
MER00240,Grocery Merchant 240,Grocery,Vadodara,Gujarat
MER00241,Fuel Merchant 241,Fuel,Udaipur,Rajasthan
MER00242,Clothing Merchant 242,Clothing,Mysuru,Karnataka
MER00243,Education Merchant 243,Education,New Delhi,Delhi
MER00244,Online Shopping Merchant 244,Online Shopping,Kolkata,West Bengal
MER00245,Electronics Merchant 245,Electronics,Kozhikode,Kerala
MER00246,Utilities Merchant 246,Utilities,Thiruvananthapuram,Kerala
MER00247,Grocery Merchant 247,Grocery,Kolkata,West Bengal
MER00248,Utilities Merchant 248,Utilities,Lucknow,Uttar Pradesh
MER00249,Clothing Merchant 249,Clothing,Coimbatore,Tamil Nadu
MER00250,Restaurant Merchant 250,Restaurant,Hubballi,Karnataka
MER00251,Entertainment Merchant 251,Entertainment,Hyderabad,Telangana
MER00252,Entertainment Merchant 252,Entertainment,Pune,Maharashtra
MER00253,Utilities Merchant 253,Utilities,Kozhikode,Kerala
MER00254,Entertainment Merchant 254,Entertainment,Thiruvananthapuram,Kerala
MER00255,Entertainment Merchant 255,Entertainment,Kolkata,West Bengal
MER00256,Fuel Merchant 256,Fuel,Jaipur,Rajasthan
MER00257,Restaurant Merchant 257,Restaurant,Hyderabad,Telangana
MER00258,Healthcare Merchant 258,Healthcare,Thiruvananthapuram,Kerala
MER00259,Grocery Merchant 259,Grocery,Udaipur,Rajasthan
MER00260,Travel Merchant 260,Travel,Kozhikode,Kerala
MER00261,Education Merchant 261,Education,Noida,Uttar Pradesh
MER00262,Entertainment Merchant 262,Entertainment,Kolkata,West Bengal
MER00263,Healthcare Merchant 263,Healthcare,Udaipur,Rajasthan
MER00264,Entertainment Merchant 264,Entertainment,New Delhi,Delhi
MER00265,Utilities Merchant 265,Utilities,New Delhi,Delhi
MER00266,Online Shopping Merchant 266,Online Shopping,Warangal,Telangana
MER00267,Healthcare Merchant 267,Healthcare,Ahmedabad,Gujarat
MER00268,Fuel Merchant 268,Fuel,Kolkata,West Bengal
MER00269,Grocery Merchant 269,Grocery,Coimbatore,Tamil Nadu
MER00270,Jewelry Merchant 270,Jewelry,Madurai,Tamil Nadu
MER00271,Entertainment Merchant 271,Entertainment,New Delhi,Delhi
MER00272,Grocery Merchant 272,Grocery,Nashik,Maharashtra
MER00273,Education Merchant 273,Education,Coimbatore,Tamil Nadu
MER00274,Entertainment Merchant 274,Entertainment,Chennai,Tamil Nadu
MER00275,Jewelry Merchant 275,Jewelry,Thiruvananthapuram,Kerala
MER00276,Restaurant Merchant 276,Restaurant,Vadodara,Gujarat
MER00277,Healthcare Merchant 277,Healthcare,New Delhi,Delhi
MER00278,Jewelry Merchant 278,Jewelry,Kolkata,West Bengal
MER00279,Education Merchant 279,Education,Pune,Maharashtra
MER00280,Utilities Merchant 280,Utilities,Kochi,Kerala
MER00281,Restaurant Merchant 281,Restaurant,Nashik,Maharashtra
MER00282,Electronics Merchant 282,Electronics,Nashik,Maharashtra
MER00283,Grocery Merchant 283,Grocery,Kochi,Kerala
MER00284,Travel Merchant 284,Travel,New Delhi,Delhi
MER00285,Fuel Merchant 285,Fuel,New Delhi,Delhi
MER00286,Clothing Merchant 286,Clothing,Chennai,Tamil Nadu
MER00287,Education Merchant 287,Education,Vadodara,Gujarat
MER00288,Electronics Merchant 288,Electronics,Chennai,Tamil Nadu
MER00289,Jewelry Merchant 289,Jewelry,Nashik,Maharashtra
MER00290,Jewelry Merchant 290,Jewelry,Warangal,Telangana
MER00291,Entertainment Merchant 291,Entertainment,Chennai,Tamil Nadu
MER00292,Travel Merchant 292,Travel,Thiruvananthapuram,Kerala
MER00293,Travel Merchant 293,Travel,Hubballi,Karnataka
MER00294,Restaurant Merchant 294,Restaurant,Jaipur,Rajasthan
MER00295,Jewelry Merchant 295,Jewelry,Kolkata,West Bengal
MER00296,Fuel Merchant 296,Fuel,Kozhikode,Kerala
MER00297,Travel Merchant 297,Travel,Thiruvananthapuram,Kerala
MER00298,Entertainment Merchant 298,Entertainment,Warangal,Telangana
MER00299,Fuel Merchant 299,Fuel,Pune,Maharashtra
MER00300,Jewelry Merchant 300,Jewelry,Kanpur,Uttar Pradesh
MER00301,Travel Merchant 301,Travel,Kozhikode,Kerala
MER00302,Travel Merchant 302,Travel,Hubballi,Karnataka
MER00303,Jewelry Merchant 303,Jewelry,Bengaluru,Karnataka
MER00304,Online Shopping Merchant 304,Online Shopping,Kolkata,West Bengal
MER00305,Online Shopping Merchant 305,Online Shopping,Kanpur,Uttar Pradesh
MER00306,Education Merchant 306,Education,Warangal,Telangana
MER00307,Restaurant Merchant 307,Restaurant,Madurai,Tamil Nadu
MER00308,Entertainment Merchant 308,Entertainment,Mangaluru,Karnataka
MER00309,Utilities Merchant 309,Utilities,Mangaluru,Karnataka
MER00310,Travel Merchant 310,Travel,Chennai,Tamil Nadu
MER00311,Electronics Merchant 311,Electronics,New Delhi,Delhi
MER00312,Clothing Merchant 312,Clothing,Hyderabad,Telangana
MER00313,Electronics Merchant 313,Electronics,New Delhi,Delhi
MER00314,Travel Merchant 314,Travel,Thiruvananthapuram,Kerala
MER00315,Entertainment Merchant 315,Entertainment,New Delhi,Delhi
MER00316,Online Shopping Merchant 316,Online Shopping,Pune,Maharashtra
MER00317,Healthcare Merchant 317,Healthcare,Vadodara,Gujarat
MER00318,Grocery Merchant 318,Grocery,Nashik,Maharashtra
MER00319,Restaurant Merchant 319,Restaurant,Kozhikode,Kerala
MER00320,Education Merchant 320,Education,Kolkata,West Bengal
MER00321,Fuel Merchant 321,Fuel,Kozhikode,Kerala
MER00322,Education Merchant 322,Education,New Delhi,Delhi
MER00323,Grocery Merchant 323,Grocery,Warangal,Telangana
MER00324,Healthcare Merchant 324,Healthcare,Noida,Uttar Pradesh
MER00325,Education Merchant 325,Education,Lucknow,Uttar Pradesh
MER00326,Utilities Merchant 326,Utilities,Nashik,Maharashtra
MER00327,Fuel Merchant 327,Fuel,Kozhikode,Kerala
MER00328,Grocery Merchant 328,Grocery,Pune,Maharashtra
MER00329,Entertainment Merchant 329,Entertainment,Mangaluru,Karnataka
MER00330,Online Shopping Merchant 330,Online Shopping,Mumbai,Maharashtra
MER00331,Fuel Merchant 331,Fuel,Jaipur,Rajasthan
MER00332,Education Merchant 332,Education,Kolkata,West Bengal
MER00333,Jewelry Merchant 333,Jewelry,Udaipur,Rajasthan
MER00334,Education Merchant 334,Education,Coimbatore,Tamil Nadu
MER00335,Jewelry Merchant 335,Jewelry,Nashik,Maharashtra
MER00336,Grocery Merchant 336,Grocery,Surat,Gujarat
MER00337,Entertainment Merchant 337,Entertainment,New Delhi,Delhi
MER00338,Healthcare Merchant 338,Healthcare,Kolkata,West Bengal
MER00339,Clothing Merchant 339,Clothing,Nagpur,Maharashtra
MER00340,Fuel Merchant 340,Fuel,New Delhi,Delhi
MER00341,Restaurant Merchant 341,Restaurant,Kochi,Kerala
MER00342,Education Merchant 342,Education,Kolkata,West Bengal
MER00343,Grocery Merchant 343,Grocery,Hyderabad,Telangana
MER00344,Electronics Merchant 344,Electronics,New Delhi,Delhi
MER00345,Restaurant Merchant 345,Restaurant,Lucknow,Uttar Pradesh
MER00346,Jewelry Merchant 346,Jewelry,Jaipur,Rajasthan
MER00347,Healthcare Merchant 347,Healthcare,Hyderabad,Telangana
MER00348,Grocery Merchant 348,Grocery,Madurai,Tamil Nadu
MER00349,Electronics Merchant 349,Electronics,Kochi,Kerala
MER00350,Electronics Merchant 350,Electronics,Udaipur,Rajasthan
MER00351,Electronics Merchant 351,Electronics,Mumbai,Maharashtra
MER00352,Online Shopping Merchant 352,Online Shopping,Mangaluru,Karnataka
MER00353,Grocery Merchant 353,Grocery,Kanpur,Uttar Pradesh
MER00354,Grocery Merchant 354,Grocery,Coimbatore,Tamil Nadu
MER00355,Fuel Merchant 355,Fuel,Madurai,Tamil Nadu
MER00356,Utilities Merchant 356,Utilities,Jaipur,Rajasthan
MER00357,Entertainment Merchant 357,Entertainment,Nashik,Maharashtra
MER00358,Entertainment Merchant 358,Entertainment,New Delhi,Delhi
MER00359,Jewelry Merchant 359,Jewelry,Jaipur,Rajasthan
MER00360,Entertainment Merchant 360,Entertainment,Mangaluru,Karnataka
MER00361,Entertainment Merchant 361,Entertainment,Bengaluru,Karnataka
MER00362,Education Merchant 362,Education,Surat,Gujarat
MER00363,Utilities Merchant 363,Utilities,Nashik,Maharashtra
MER00364,Restaurant Merchant 364,Restaurant,Kolkata,West Bengal
MER00365,Restaurant Merchant 365,Restaurant,New Delhi,Delhi
MER00366,Jewelry Merchant 366,Jewelry,Coimbatore,Tamil Nadu
MER00367,Utilities Merchant 367,Utilities,Noida,Uttar Pradesh
MER00368,Jewelry Merchant 368,Jewelry,New Delhi,Delhi
MER00369,Entertainment Merchant 369,Entertainment,Udaipur,Rajasthan
MER00370,Restaurant Merchant 370,Restaurant,Udaipur,Rajasthan
MER00371,Fuel Merchant 371,Fuel,Pune,Maharashtra
MER00372,Fuel Merchant 372,Fuel,Kolkata,West Bengal
MER00373,Fuel Merchant 373,Fuel,New Delhi,Delhi
MER00374,Restaurant Merchant 374,Restaurant,Vadodara,Gujarat
MER00375,Healthcare Merchant 375,Healthcare,New Delhi,Delhi
MER00376,Electronics Merchant 376,Electronics,Thiruvananthapuram,Kerala
MER00377,Restaurant Merchant 377,Restaurant,Kolkata,West Bengal
MER00378,Fuel Merchant 378,Fuel,Mumbai,Maharashtra
MER00379,Electronics Merchant 379,Electronics,Nagpur,Maharashtra
MER00380,Jewelry Merchant 380,Jewelry,Jaipur,Rajasthan
MER00381,Education Merchant 381,Education,Udaipur,Rajasthan
MER00382,Healthcare Merchant 382,Healthcare,Nashik,Maharashtra
MER00383,Grocery Merchant 383,Grocery,Vadodara,Gujarat
MER00384,Travel Merchant 384,Travel,Kozhikode,Kerala
MER00385,Jewelry Merchant 385,Jewelry,New Delhi,Delhi
MER00386,Electronics Merchant 386,Electronics,Jaipur,Rajasthan
MER00387,Restaurant Merchant 387,Restaurant,Kolkata,West Bengal
MER00388,Restaurant Merchant 388,Restaurant,New Delhi,Delhi
MER00389,Online Shopping Merchant 389,Online Shopping,Kozhikode,Kerala
MER00390,Jewelry Merchant 390,Jewelry,Vadodara,Gujarat
MER00391,Education Merchant 391,Education,Noida,Uttar Pradesh
MER00392,Jewelry Merchant 392,Jewelry,Jaipur,Rajasthan
MER00393,Electronics Merchant 393,Electronics,Kochi,Kerala
MER00394,Travel Merchant 394,Travel,Kozhikode,Kerala
MER00395,Grocery Merchant 395,Grocery,New Delhi,Delhi
MER00396,Jewelry Merchant 396,Jewelry,Chennai,Tamil Nadu
MER00397,Electronics Merchant 397,Electronics,Ahmedabad,Gujarat
MER00398,Utilities Merchant 398,Utilities,Bengaluru,Karnataka
MER00399,Fuel Merchant 399,Fuel,Jaipur,Rajasthan
MER00400,Healthcare Merchant 400,Healthcare,Surat,Gujarat
MER00401,Travel Merchant 401,Travel,Coimbatore,Tamil Nadu
MER00402,Grocery Merchant 402,Grocery,New Delhi,Delhi
MER00403,Jewelry Merchant 403,Jewelry,Chennai,Tamil Nadu
MER00404,Travel Merchant 404,Travel,Bengaluru,Karnataka
MER00405,Entertainment Merchant 405,Entertainment,Kolkata,West Bengal
MER00406,Fuel Merchant 406,Fuel,Kanpur,Uttar Pradesh
MER00407,Clothing Merchant 407,Clothing,Kochi,Kerala
MER00408,Fuel Merchant 408,Fuel,Nagpur,Maharashtra
MER00409,Education Merchant 409,Education,Nagpur,Maharashtra
MER00410,Clothing Merchant 410,Clothing,Kanpur,Uttar Pradesh
MER00411,Online Shopping Merchant 411,Online Shopping,Kochi,Kerala
MER00412,Grocery Merchant 412,Grocery,Vadodara,Gujarat
MER00413,Travel Merchant 413,Travel,Mysuru,Karnataka
MER00414,Travel Merchant 414,Travel,Hyderabad,Telangana
MER00415,Restaurant Merchant 415,Restaurant,Thiruvananthapuram,Kerala
MER00416,Utilities Merchant 416,Utilities,Hubballi,Karnataka
MER00417,Electronics Merchant 417,Electronics,Ahmedabad,Gujarat
MER00418,Utilities Merchant 418,Utilities,Vadodara,Gujarat
MER00419,Restaurant Merchant 419,Restaurant,Warangal,Telangana
MER00420,Grocery Merchant 420,Grocery,Vadodara,Gujarat
MER00421,Entertainment Merchant 421,Entertainment,Ahmedabad,Gujarat
MER00422,Jewelry Merchant 422,Jewelry,Nagpur,Maharashtra
MER00423,Fuel Merchant 423,Fuel,Vadodara,Gujarat
MER00424,Restaurant Merchant 424,Restaurant,Surat,Gujarat
MER00425,Healthcare Merchant 425,Healthcare,Ahmedabad,Gujarat
MER00426,Entertainment Merchant 426,Entertainment,Madurai,Tamil Nadu
MER00427,Fuel Merchant 427,Fuel,New Delhi,Delhi
MER00428,Fuel Merchant 428,Fuel,Pune,Maharashtra
MER00429,Clothing Merchant 429,Clothing,Kanpur,Uttar Pradesh
MER00430,Travel Merchant 430,Travel,Nashik,Maharashtra
MER00431,Healthcare Merchant 431,Healthcare,New Delhi,Delhi
MER00432,Clothing Merchant 432,Clothing,Chennai,Tamil Nadu
MER00433,Healthcare Merchant 433,Healthcare,Pune,Maharashtra
MER00434,Online Shopping Merchant 434,Online Shopping,New Delhi,Delhi
MER00435,Travel Merchant 435,Travel,Pune,Maharashtra
MER00436,Jewelry Merchant 436,Jewelry,Hyderabad,Telangana
MER00437,Restaurant Merchant 437,Restaurant,Madurai,Tamil Nadu
MER00438,Entertainment Merchant 438,Entertainment,Madurai,Tamil Nadu
MER00439,Education Merchant 439,Education,Kolkata,West Bengal
MER00440,Education Merchant 440,Education,Noida,Uttar Pradesh
MER00441,Education Merchant 441,Education,Kanpur,Uttar Pradesh
MER00442,Entertainment Merchant 442,Entertainment,New Delhi,Delhi
MER00443,Entertainment Merchant 443,Entertainment,Nashik,Maharashtra
MER00444,Jewelry Merchant 444,Jewelry,Thiruvananthapuram,Kerala
MER00445,Clothing Merchant 445,Clothing,Mangaluru,Karnataka
MER00446,Entertainment Merchant 446,Entertainment,Nagpur,Maharashtra
MER00447,Grocery Merchant 447,Grocery,Kolkata,West Bengal
MER00448,Restaurant Merchant 448,Restaurant,New Delhi,Delhi
MER00449,Entertainment Merchant 449,Entertainment,Nashik,Maharashtra
MER00450,Utilities Merchant 450,Utilities,Noida,Uttar Pradesh
MER00451,Jewelry Merchant 451,Jewelry,Hubballi,Karnataka
MER00452,Jewelry Merchant 452,Jewelry,Warangal,Telangana
MER00453,Grocery Merchant 453,Grocery,Kolkata,West Bengal
MER00454,Healthcare Merchant 454,Healthcare,Kolkata,West Bengal
MER00455,Grocery Merchant 455,Grocery,Pune,Maharashtra
MER00456,Entertainment Merchant 456,Entertainment,Warangal,Telangana
MER00457,Healthcare Merchant 457,Healthcare,Jaipur,Rajasthan
MER00458,Fuel Merchant 458,Fuel,New Delhi,Delhi
MER00459,Education Merchant 459,Education,Surat,Gujarat
MER00460,Education Merchant 460,Education,Lucknow,Uttar Pradesh
MER00461,Healthcare Merchant 461,Healthcare,New Delhi,Delhi
MER00462,Travel Merchant 462,Travel,Nashik,Maharashtra
MER00463,Education Merchant 463,Education,Kozhikode,Kerala
MER00464,Healthcare Merchant 464,Healthcare,Lucknow,Uttar Pradesh
MER00465,Healthcare Merchant 465,Healthcare,Pune,Maharashtra
MER00466,Utilities Merchant 466,Utilities,Kozhikode,Kerala
MER00467,Jewelry Merchant 467,Jewelry,Ahmedabad,Gujarat
MER00468,Clothing Merchant 468,Clothing,Nagpur,Maharashtra
MER00469,Healthcare Merchant 469,Healthcare,Vadodara,Gujarat
MER00470,Utilities Merchant 470,Utilities,Madurai,Tamil Nadu
MER00471,Education Merchant 471,Education,Jaipur,Rajasthan
MER00472,Healthcare Merchant 472,Healthcare,Vadodara,Gujarat
MER00473,Travel Merchant 473,Travel,Mangaluru,Karnataka
MER00474,Healthcare Merchant 474,Healthcare,Chennai,Tamil Nadu
MER00475,Online Shopping Merchant 475,Online Shopping,Kolkata,West Bengal
MER00476,Restaurant Merchant 476,Restaurant,Chennai,Tamil Nadu
MER00477,Clothing Merchant 477,Clothing,Kochi,Kerala
MER00478,Education Merchant 478,Education,Jaipur,Rajasthan
MER00479,Jewelry Merchant 479,Jewelry,New Delhi,Delhi
MER00480,Electronics Merchant 480,Electronics,Ahmedabad,Gujarat
MER00481,Jewelry Merchant 481,Jewelry,Madurai,Tamil Nadu
MER00482,Entertainment Merchant 482,Entertainment,Madurai,Tamil Nadu
MER00483,Healthcare Merchant 483,Healthcare,Hubballi,Karnataka
MER00484,Jewelry Merchant 484,Jewelry,Warangal,Telangana
MER00485,Entertainment Merchant 485,Entertainment,Kozhikode,Kerala
MER00486,Travel Merchant 486,Travel,Hyderabad,Telangana
MER00487,Healthcare Merchant 487,Healthcare,Kolkata,West Bengal
MER00488,Entertainment Merchant 488,Entertainment,Kanpur,Uttar Pradesh
MER00489,Clothing Merchant 489,Clothing,Thiruvananthapuram,Kerala
MER00490,Electronics Merchant 490,Electronics,Udaipur,Rajasthan
MER00491,Travel Merchant 491,Travel,Hyderabad,Telangana
MER00492,Healthcare Merchant 492,Healthcare,Hubballi,Karnataka
MER00493,Utilities Merchant 493,Utilities,Jaipur,Rajasthan
MER00494,Travel Merchant 494,Travel,Jaipur,Rajasthan
MER00495,Travel Merchant 495,Travel,Pune,Maharashtra
MER00496,Fuel Merchant 496,Fuel,Kolkata,West Bengal
MER00497,Entertainment Merchant 497,Entertainment,Pune,Maharashtra
MER00498,Fuel Merchant 498,Fuel,New Delhi,Delhi
MER00499,Clothing Merchant 499,Clothing,Hubballi,Karnataka
MER00500,Fuel Merchant 500,Fuel,New Delhi,Delhi
MER00501,Online Shopping Merchant 501,Online Shopping,Nagpur,Maharashtra
MER00502,Restaurant Merchant 502,Restaurant,Mangaluru,Karnataka
MER00503,Electronics Merchant 503,Electronics,New Delhi,Delhi
MER00504,Entertainment Merchant 504,Entertainment,Mangaluru,Karnataka
MER00505,Entertainment Merchant 505,Entertainment,Madurai,Tamil Nadu
MER00506,Restaurant Merchant 506,Restaurant,Kolkata,West Bengal
MER00507,Online Shopping Merchant 507,Online Shopping,Mangaluru,Karnataka
MER00508,Utilities Merchant 508,Utilities,Madurai,Tamil Nadu
MER00509,Fuel Merchant 509,Fuel,Noida,Uttar Pradesh
MER00510,Online Shopping Merchant 510,Online Shopping,Nagpur,Maharashtra
MER00511,Grocery Merchant 511,Grocery,Kochi,Kerala
MER00512,Education Merchant 512,Education,Warangal,Telangana
MER00513,Restaurant Merchant 513,Restaurant,Kanpur,Uttar Pradesh
MER00514,Jewelry Merchant 514,Jewelry,Nashik,Maharashtra
MER00515,Education Merchant 515,Education,Jaipur,Rajasthan
MER00516,Utilities Merchant 516,Utilities,Jaipur,Rajasthan
MER00517,Fuel Merchant 517,Fuel,Coimbatore,Tamil Nadu
MER00518,Online Shopping Merchant 518,Online Shopping,Mangaluru,Karnataka
MER00519,Electronics Merchant 519,Electronics,Kanpur,Uttar Pradesh
MER00520,Restaurant Merchant 520,Restaurant,Nagpur,Maharashtra
MER00521,Fuel Merchant 521,Fuel,Jaipur,Rajasthan
MER00522,Education Merchant 522,Education,Kolkata,West Bengal
MER00523,Travel Merchant 523,Travel,Surat,Gujarat
MER00524,Restaurant Merchant 524,Restaurant,Mangaluru,Karnataka
MER00525,Utilities Merchant 525,Utilities,New Delhi,Delhi
MER00526,Electronics Merchant 526,Electronics,Nagpur,Maharashtra
MER00527,Clothing Merchant 527,Clothing,Mangaluru,Karnataka
MER00528,Education Merchant 528,Education,New Delhi,Delhi
MER00529,Education Merchant 529,Education,Kolkata,West Bengal
MER00530,Restaurant Merchant 530,Restaurant,Chennai,Tamil Nadu
MER00531,Travel Merchant 531,Travel,Kolkata,West Bengal
MER00532,Online Shopping Merchant 532,Online Shopping,Hyderabad,Telangana
MER00533,Travel Merchant 533,Travel,Mangaluru,Karnataka
MER00534,Clothing Merchant 534,Clothing,Udaipur,Rajasthan
MER00535,Grocery Merchant 535,Grocery,Kolkata,West Bengal
MER00536,Healthcare Merchant 536,Healthcare,Warangal,Telangana
MER00537,Travel Merchant 537,Travel,Mangaluru,Karnataka
MER00538,Fuel Merchant 538,Fuel,Nagpur,Maharashtra
MER00539,Entertainment Merchant 539,Entertainment,Vadodara,Gujarat
MER00540,Electronics Merchant 540,Electronics,Surat,Gujarat
MER00541,Healthcare Merchant 541,Healthcare,Kolkata,West Bengal
MER00542,Restaurant Merchant 542,Restaurant,Udaipur,Rajasthan
MER00543,Fuel Merchant 543,Fuel,Ahmedabad,Gujarat
MER00544,Clothing Merchant 544,Clothing,Lucknow,Uttar Pradesh
MER00545,Restaurant Merchant 545,Restaurant,Thiruvananthapuram,Kerala
MER00546,Education Merchant 546,Education,Nagpur,Maharashtra
MER00547,Entertainment Merchant 547,Entertainment,Thiruvananthapuram,Kerala
MER00548,Fuel Merchant 548,Fuel,Noida,Uttar Pradesh
MER00549,Entertainment Merchant 549,Entertainment,Madurai,Tamil Nadu
MER00550,Grocery Merchant 550,Grocery,New Delhi,Delhi
MER00551,Travel Merchant 551,Travel,New Delhi,Delhi
MER00552,Education Merchant 552,Education,Bengaluru,Karnataka
MER00553,Clothing Merchant 553,Clothing,Surat,Gujarat
MER00554,Electronics Merchant 554,Electronics,Chennai,Tamil Nadu
MER00555,Entertainment Merchant 555,Entertainment,Noida,Uttar Pradesh
MER00556,Restaurant Merchant 556,Restaurant,Mysuru,Karnataka
MER00557,Healthcare Merchant 557,Healthcare,Warangal,Telangana
MER00558,Grocery Merchant 558,Grocery,Vadodara,Gujarat
MER00559,Education Merchant 559,Education,Lucknow,Uttar Pradesh
MER00560,Healthcare Merchant 560,Healthcare,Kolkata,West Bengal
MER00561,Jewelry Merchant 561,Jewelry,Kolkata,West Bengal
MER00562,Healthcare Merchant 562,Healthcare,Madurai,Tamil Nadu
MER00563,Education Merchant 563,Education,Surat,Gujarat
MER00564,Restaurant Merchant 564,Restaurant,Kochi,Kerala
MER00565,Entertainment Merchant 565,Entertainment,Mysuru,Karnataka
MER00566,Clothing Merchant 566,Clothing,Udaipur,Rajasthan
MER00567,Travel Merchant 567,Travel,Nagpur,Maharashtra
MER00568,Jewelry Merchant 568,Jewelry,Kolkata,West Bengal
MER00569,Entertainment Merchant 569,Entertainment,Kozhikode,Kerala
MER00570,Electronics Merchant 570,Electronics,Hyderabad,Telangana
MER00571,Electronics Merchant 571,Electronics,Nashik,Maharashtra
MER00572,Education Merchant 572,Education,Kolkata,West Bengal
MER00573,Utilities Merchant 573,Utilities,New Delhi,Delhi
MER00574,Travel Merchant 574,Travel,Nagpur,Maharashtra
MER00575,Utilities Merchant 575,Utilities,Madurai,Tamil Nadu
MER00576,Clothing Merchant 576,Clothing,Coimbatore,Tamil Nadu
MER00577,Online Shopping Merchant 577,Online Shopping,Hyderabad,Telangana
MER00578,Entertainment Merchant 578,Entertainment,Chennai,Tamil Nadu
MER00579,Clothing Merchant 579,Clothing,Mangaluru,Karnataka
MER00580,Entertainment Merchant 580,Entertainment,Kanpur,Uttar Pradesh
MER00581,Jewelry Merchant 581,Jewelry,Jaipur,Rajasthan
MER00582,Travel Merchant 582,Travel,Mumbai,Maharashtra
MER00583,Utilities Merchant 583,Utilities,Vadodara,Gujarat
MER00584,Fuel Merchant 584,Fuel,Kolkata,West Bengal
MER00585,Electronics Merchant 585,Electronics,Lucknow,Uttar Pradesh
MER00586,Entertainment Merchant 586,Entertainment,New Delhi,Delhi
MER00587,Electronics Merchant 587,Electronics,Kolkata,West Bengal
MER00588,Electronics Merchant 588,Electronics,Jaipur,Rajasthan
MER00589,Grocery Merchant 589,Grocery,Vadodara,Gujarat
MER00590,Travel Merchant 590,Travel,Pune,Maharashtra
MER00591,Healthcare Merchant 591,Healthcare,Chennai,Tamil Nadu
MER00592,Clothing Merchant 592,Clothing,Warangal,Telangana
MER00593,Travel Merchant 593,Travel,Kochi,Kerala
MER00594,Electronics Merchant 594,Electronics,Warangal,Telangana
MER00595,Clothing Merchant 595,Clothing,Kozhikode,Kerala
MER00596,Jewelry Merchant 596,Jewelry,Pune,Maharashtra
MER00597,Electronics Merchant 597,Electronics,Lucknow,Uttar Pradesh
MER00598,Jewelry Merchant 598,Jewelry,Noida,Uttar Pradesh
MER00599,Grocery Merchant 599,Grocery,New Delhi,Delhi
MER00600,Education Merchant 600,Education,Mumbai,Maharashtra
MER00601,Education Merchant 601,Education,Kanpur,Uttar Pradesh
MER00602,Jewelry Merchant 602,Jewelry,Warangal,Telangana
MER00603,Education Merchant 603,Education,Hubballi,Karnataka
MER00604,Education Merchant 604,Education,Udaipur,Rajasthan
MER00605,Online Shopping Merchant 605,Online Shopping,Thiruvananthapuram,Kerala
MER00606,Entertainment Merchant 606,Entertainment,Surat,Gujarat
MER00607,Electronics Merchant 607,Electronics,Mumbai,Maharashtra
MER00608,Entertainment Merchant 608,Entertainment,Kolkata,West Bengal
MER00609,Healthcare Merchant 609,Healthcare,Kolkata,West Bengal
MER00610,Healthcare Merchant 610,Healthcare,Lucknow,Uttar Pradesh
MER00611,Fuel Merchant 611,Fuel,New Delhi,Delhi
MER00612,Clothing Merchant 612,Clothing,Coimbatore,Tamil Nadu
MER00613,Healthcare Merchant 613,Healthcare,Jaipur,Rajasthan
MER00614,Restaurant Merchant 614,Restaurant,Warangal,Telangana
MER00615,Online Shopping Merchant 615,Online Shopping,Thiruvananthapuram,Kerala
MER00616,Grocery Merchant 616,Grocery,Chennai,Tamil Nadu
MER00617,Jewelry Merchant 617,Jewelry,Thiruvananthapuram,Kerala
MER00618,Electronics Merchant 618,Electronics,Ahmedabad,Gujarat
MER00619,Online Shopping Merchant 619,Online Shopping,New Delhi,Delhi
MER00620,Clothing Merchant 620,Clothing,Coimbatore,Tamil Nadu
MER00621,Travel Merchant 621,Travel,Kolkata,West Bengal
MER00622,Restaurant Merchant 622,Restaurant,Kolkata,West Bengal
MER00623,Entertainment Merchant 623,Entertainment,Vadodara,Gujarat
MER00624,Jewelry Merchant 624,Jewelry,Hyderabad,Telangana
MER00625,Grocery Merchant 625,Grocery,New Delhi,Delhi
MER00626,Jewelry Merchant 626,Jewelry,Thiruvananthapuram,Kerala
MER00627,Clothing Merchant 627,Clothing,Kolkata,West Bengal
MER00628,Fuel Merchant 628,Fuel,Bengaluru,Karnataka
MER00629,Utilities Merchant 629,Utilities,Coimbatore,Tamil Nadu
MER00630,Healthcare Merchant 630,Healthcare,New Delhi,Delhi
MER00631,Grocery Merchant 631,Grocery,Hubballi,Karnataka
MER00632,Online Shopping Merchant 632,Online Shopping,Noida,Uttar Pradesh
MER00633,Restaurant Merchant 633,Restaurant,New Delhi,Delhi
MER00634,Entertainment Merchant 634,Entertainment,Vadodara,Gujarat
MER00635,Jewelry Merchant 635,Jewelry,Udaipur,Rajasthan
MER00636,Electronics Merchant 636,Electronics,Lucknow,Uttar Pradesh
MER00637,Healthcare Merchant 637,Healthcare,Nashik,Maharashtra
MER00638,Electronics Merchant 638,Electronics,New Delhi,Delhi
MER00639,Clothing Merchant 639,Clothing,Warangal,Telangana
MER00640,Grocery Merchant 640,Grocery,Bengaluru,Karnataka
MER00641,Healthcare Merchant 641,Healthcare,Madurai,Tamil Nadu
MER00642,Electronics Merchant 642,Electronics,Kolkata,West Bengal
MER00643,Electronics Merchant 643,Electronics,Noida,Uttar Pradesh
MER00644,Electronics Merchant 644,Electronics,New Delhi,Delhi
MER00645,Utilities Merchant 645,Utilities,Vadodara,Gujarat
MER00646,Healthcare Merchant 646,Healthcare,Kozhikode,Kerala
MER00647,Utilities Merchant 647,Utilities,Udaipur,Rajasthan
MER00648,Entertainment Merchant 648,Entertainment,Kanpur,Uttar Pradesh
MER00649,Healthcare Merchant 649,Healthcare,Mangaluru,Karnataka
MER00650,Jewelry Merchant 650,Jewelry,Nashik,Maharashtra
MER00651,Utilities Merchant 651,Utilities,Kozhikode,Kerala
MER00652,Travel Merchant 652,Travel,Hubballi,Karnataka
MER00653,Online Shopping Merchant 653,Online Shopping,Noida,Uttar Pradesh
MER00654,Electronics Merchant 654,Electronics,Hubballi,Karnataka
MER00655,Electronics Merchant 655,Electronics,Udaipur,Rajasthan
MER00656,Jewelry Merchant 656,Jewelry,Hyderabad,Telangana
MER00657,Grocery Merchant 657,Grocery,Pune,Maharashtra
MER00658,Fuel Merchant 658,Fuel,Kolkata,West Bengal
MER00659,Utilities Merchant 659,Utilities,Coimbatore,Tamil Nadu
MER00660,Clothing Merchant 660,Clothing,Warangal,Telangana
MER00661,Utilities Merchant 661,Utilities,Kanpur,Uttar Pradesh
MER00662,Clothing Merchant 662,Clothing,Mysuru,Karnataka
MER00663,Education Merchant 663,Education,Warangal,Telangana
MER00664,Healthcare Merchant 664,Healthcare,Kolkata,West Bengal
MER00665,Clothing Merchant 665,Clothing,Coimbatore,Tamil Nadu
MER00666,Education Merchant 666,Education,New Delhi,Delhi
MER00667,Entertainment Merchant 667,Entertainment,Kozhikode,Kerala
MER00668,Travel Merchant 668,Travel,Hyderabad,Telangana
MER00669,Online Shopping Merchant 669,Online Shopping,Udaipur,Rajasthan
MER00670,Utilities Merchant 670,Utilities,Thiruvananthapuram,Kerala
MER00671,Healthcare Merchant 671,Healthcare,Warangal,Telangana
MER00672,Clothing Merchant 672,Clothing,Kolkata,West Bengal
MER00673,Restaurant Merchant 673,Restaurant,Thiruvananthapuram,Kerala
MER00674,Clothing Merchant 674,Clothing,Noida,Uttar Pradesh
MER00675,Healthcare Merchant 675,Healthcare,Surat,Gujarat
MER00676,Grocery Merchant 676,Grocery,Coimbatore,Tamil Nadu
MER00677,Restaurant Merchant 677,Restaurant,Kozhikode,Kerala
MER00678,Education Merchant 678,Education,New Delhi,Delhi
MER00679,Entertainment Merchant 679,Entertainment,Kozhikode,Kerala
MER00680,Clothing Merchant 680,Clothing,Hyderabad,Telangana
MER00681,Utilities Merchant 681,Utilities,Kozhikode,Kerala
MER00682,Restaurant Merchant 682,Restaurant,Kochi,Kerala
MER00683,Jewelry Merchant 683,Jewelry,Noida,Uttar Pradesh
MER00684,Grocery Merchant 684,Grocery,Hyderabad,Telangana
MER00685,Education Merchant 685,Education,Jaipur,Rajasthan
MER00686,Restaurant Merchant 686,Restaurant,Hyderabad,Telangana
MER00687,Utilities Merchant 687,Utilities,Surat,Gujarat
MER00688,Education Merchant 688,Education,Kolkata,West Bengal
MER00689,Clothing Merchant 689,Clothing,Chennai,Tamil Nadu
MER00690,Education Merchant 690,Education,Coimbatore,Tamil Nadu
MER00691,Education Merchant 691,Education,Kolkata,West Bengal
MER00692,Healthcare Merchant 692,Healthcare,Warangal,Telangana
MER00693,Grocery Merchant 693,Grocery,Kozhikode,Kerala
MER00694,Clothing Merchant 694,Clothing,Pune,Maharashtra
MER00695,Fuel Merchant 695,Fuel,Mysuru,Karnataka
MER00696,Fuel Merchant 696,Fuel,Chennai,Tamil Nadu
MER00697,Utilities Merchant 697,Utilities,Kolkata,West Bengal
MER00698,Grocery Merchant 698,Grocery,Kochi,Kerala
MER00699,Jewelry Merchant 699,Jewelry,Kozhikode,Kerala
MER00700,Travel Merchant 700,Travel,Nagpur,Maharashtra
MER00701,Electronics Merchant 701,Electronics,Kolkata,West Bengal
MER00702,Travel Merchant 702,Travel,Udaipur,Rajasthan
MER00703,Healthcare Merchant 703,Healthcare,Hyderabad,Telangana
MER00704,Entertainment Merchant 704,Entertainment,Madurai,Tamil Nadu
MER00705,Electronics Merchant 705,Electronics,Kozhikode,Kerala
MER00706,Travel Merchant 706,Travel,Mangaluru,Karnataka
MER00707,Online Shopping Merchant 707,Online Shopping,Noida,Uttar Pradesh
MER00708,Education Merchant 708,Education,Madurai,Tamil Nadu
MER00709,Clothing Merchant 709,Clothing,Surat,Gujarat
MER00710,Fuel Merchant 710,Fuel,New Delhi,Delhi
MER00711,Electronics Merchant 711,Electronics,Pune,Maharashtra
MER00712,Online Shopping Merchant 712,Online Shopping,Kolkata,West Bengal
MER00713,Fuel Merchant 713,Fuel,Mangaluru,Karnataka
MER00714,Travel Merchant 714,Travel,Warangal,Telangana
MER00715,Jewelry Merchant 715,Jewelry,New Delhi,Delhi
MER00716,Travel Merchant 716,Travel,Lucknow,Uttar Pradesh
MER00717,Grocery Merchant 717,Grocery,New Delhi,Delhi
MER00718,Travel Merchant 718,Travel,Nashik,Maharashtra
MER00719,Education Merchant 719,Education,Coimbatore,Tamil Nadu
MER00720,Utilities Merchant 720,Utilities,Udaipur,Rajasthan
MER00721,Healthcare Merchant 721,Healthcare,Nagpur,Maharashtra
MER00722,Online Shopping Merchant 722,Online Shopping,Lucknow,Uttar Pradesh
MER00723,Electronics Merchant 723,Electronics,Coimbatore,Tamil Nadu
MER00724,Fuel Merchant 724,Fuel,Kolkata,West Bengal
MER00725,Clothing Merchant 725,Clothing,Udaipur,Rajasthan
MER00726,Education Merchant 726,Education,Hyderabad,Telangana
MER00727,Clothing Merchant 727,Clothing,Lucknow,Uttar Pradesh
MER00728,Restaurant Merchant 728,Restaurant,Kolkata,West Bengal
MER00729,Grocery Merchant 729,Grocery,Lucknow,Uttar Pradesh
MER00730,Jewelry Merchant 730,Jewelry,Jaipur,Rajasthan
MER00731,Electronics Merchant 731,Electronics,Jaipur,Rajasthan
MER00732,Restaurant Merchant 732,Restaurant,New Delhi,Delhi
MER00733,Restaurant Merchant 733,Restaurant,Warangal,Telangana
MER00734,Grocery Merchant 734,Grocery,Udaipur,Rajasthan
MER00735,Clothing Merchant 735,Clothing,Kolkata,West Bengal
MER00736,Jewelry Merchant 736,Jewelry,Surat,Gujarat
MER00737,Education Merchant 737,Education,Hubballi,Karnataka
MER00738,Grocery Merchant 738,Grocery,Kozhikode,Kerala
MER00739,Grocery Merchant 739,Grocery,Surat,Gujarat
MER00740,Grocery Merchant 740,Grocery,Hyderabad,Telangana
MER00741,Utilities Merchant 741,Utilities,Surat,Gujarat
MER00742,Restaurant Merchant 742,Restaurant,Mumbai,Maharashtra
MER00743,Travel Merchant 743,Travel,Kolkata,West Bengal
MER00744,Electronics Merchant 744,Electronics,Ahmedabad,Gujarat
MER00745,Fuel Merchant 745,Fuel,Surat,Gujarat
MER00746,Fuel Merchant 746,Fuel,Kolkata,West Bengal
MER00747,Education Merchant 747,Education,Pune,Maharashtra
MER00748,Electronics Merchant 748,Electronics,New Delhi,Delhi
MER00749,Clothing Merchant 749,Clothing,Udaipur,Rajasthan
MER00750,Online Shopping Merchant 750,Online Shopping,Madurai,Tamil Nadu
MER00751,Travel Merchant 751,Travel,Bengaluru,Karnataka
MER00752,Clothing Merchant 752,Clothing,Kolkata,West Bengal
MER00753,Online Shopping Merchant 753,Online Shopping,Ahmedabad,Gujarat
MER00754,Electronics Merchant 754,Electronics,Kolkata,West Bengal
MER00755,Utilities Merchant 755,Utilities,Kochi,Kerala
MER00756,Education Merchant 756,Education,Mumbai,Maharashtra
MER00757,Grocery Merchant 757,Grocery,Vadodara,Gujarat
MER00758,Restaurant Merchant 758,Restaurant,Hyderabad,Telangana
MER00759,Entertainment Merchant 759,Entertainment,Mumbai,Maharashtra
MER00760,Utilities Merchant 760,Utilities,Noida,Uttar Pradesh
MER00761,Utilities Merchant 761,Utilities,Mysuru,Karnataka
MER00762,Entertainment Merchant 762,Entertainment,Hubballi,Karnataka
MER00763,Grocery Merchant 763,Grocery,Hyderabad,Telangana
MER00764,Travel Merchant 764,Travel,Madurai,Tamil Nadu
MER00765,Jewelry Merchant 765,Jewelry,Warangal,Telangana
MER00766,Healthcare Merchant 766,Healthcare,Noida,Uttar Pradesh
MER00767,Electronics Merchant 767,Electronics,Warangal,Telangana
MER00768,Fuel Merchant 768,Fuel,Jaipur,Rajasthan
MER00769,Grocery Merchant 769,Grocery,Thiruvananthapuram,Kerala
MER00770,Education Merchant 770,Education,Jaipur,Rajasthan
MER00771,Entertainment Merchant 771,Entertainment,Vadodara,Gujarat
MER00772,Education Merchant 772,Education,Mangaluru,Karnataka
MER00773,Healthcare Merchant 773,Healthcare,Vadodara,Gujarat
MER00774,Electronics Merchant 774,Electronics,Surat,Gujarat
MER00775,Electronics Merchant 775,Electronics,Thiruvananthapuram,Kerala
MER00776,Online Shopping Merchant 776,Online Shopping,Udaipur,Rajasthan
MER00777,Utilities Merchant 777,Utilities,Warangal,Telangana
MER00778,Grocery Merchant 778,Grocery,Coimbatore,Tamil Nadu
MER00779,Fuel Merchant 779,Fuel,Udaipur,Rajasthan
MER00780,Fuel Merchant 780,Fuel,Jaipur,Rajasthan
MER00781,Online Shopping Merchant 781,Online Shopping,Warangal,Telangana
MER00782,Entertainment Merchant 782,Entertainment,New Delhi,Delhi
MER00783,Clothing Merchant 783,Clothing,New Delhi,Delhi
MER00784,Travel Merchant 784,Travel,Hyderabad,Telangana
MER00785,Jewelry Merchant 785,Jewelry,Vadodara,Gujarat
MER00786,Restaurant Merchant 786,Restaurant,Lucknow,Uttar Pradesh
MER00787,Entertainment Merchant 787,Entertainment,Hyderabad,Telangana
MER00788,Travel Merchant 788,Travel,Warangal,Telangana
MER00789,Online Shopping Merchant 789,Online Shopping,Mysuru,Karnataka
MER00790,Online Shopping Merchant 790,Online Shopping,Nashik,Maharashtra
MER00791,Online Shopping Merchant 791,Online Shopping,Noida,Uttar Pradesh
MER00792,Clothing Merchant 792,Clothing,Ahmedabad,Gujarat
MER00793,Fuel Merchant 793,Fuel,New Delhi,Delhi
MER00794,Travel Merchant 794,Travel,Kolkata,West Bengal
MER00795,Clothing Merchant 795,Clothing,Thiruvananthapuram,Kerala
MER00796,Restaurant Merchant 796,Restaurant,Kolkata,West Bengal
MER00797,Online Shopping Merchant 797,Online Shopping,Kolkata,West Bengal
MER00798,Fuel Merchant 798,Fuel,New Delhi,Delhi
MER00799,Utilities Merchant 799,Utilities,Mysuru,Karnataka
MER00800,Travel Merchant 800,Travel,Chennai,Tamil Nadu
MER00801,Travel Merchant 801,Travel,Udaipur,Rajasthan
MER00802,Healthcare Merchant 802,Healthcare,Chennai,Tamil Nadu
MER00803,Jewelry Merchant 803,Jewelry,Warangal,Telangana
MER00804,Clothing Merchant 804,Clothing,Warangal,Telangana
MER00805,Entertainment Merchant 805,Entertainment,New Delhi,Delhi
MER00806,Electronics Merchant 806,Electronics,Kolkata,West Bengal
MER00807,Electronics Merchant 807,Electronics,New Delhi,Delhi
MER00808,Electronics Merchant 808,Electronics,Udaipur,Rajasthan
MER00809,Clothing Merchant 809,Clothing,Jaipur,Rajasthan
MER00810,Education Merchant 810,Education,Bengaluru,Karnataka
MER00811,Fuel Merchant 811,Fuel,Bengaluru,Karnataka
MER00812,Online Shopping Merchant 812,Online Shopping,Madurai,Tamil Nadu
MER00813,Grocery Merchant 813,Grocery,Pune,Maharashtra
MER00814,Healthcare Merchant 814,Healthcare,Warangal,Telangana
MER00815,Education Merchant 815,Education,Hubballi,Karnataka
MER00816,Grocery Merchant 816,Grocery,Kolkata,West Bengal
MER00817,Grocery Merchant 817,Grocery,Udaipur,Rajasthan
MER00818,Clothing Merchant 818,Clothing,Mangaluru,Karnataka
MER00819,Clothing Merchant 819,Clothing,Kochi,Kerala
MER00820,Restaurant Merchant 820,Restaurant,Ahmedabad,Gujarat
MER00821,Online Shopping Merchant 821,Online Shopping,Pune,Maharashtra
MER00822,Healthcare Merchant 822,Healthcare,Warangal,Telangana
MER00823,Restaurant Merchant 823,Restaurant,Thiruvananthapuram,Kerala
MER00824,Entertainment Merchant 824,Entertainment,New Delhi,Delhi
MER00825,Utilities Merchant 825,Utilities,Lucknow,Uttar Pradesh
MER00826,Education Merchant 826,Education,Warangal,Telangana
MER00827,Restaurant Merchant 827,Restaurant,Mumbai,Maharashtra
MER00828,Fuel Merchant 828,Fuel,Surat,Gujarat
MER00829,Grocery Merchant 829,Grocery,Udaipur,Rajasthan
MER00830,Restaurant Merchant 830,Restaurant,Mysuru,Karnataka
MER00831,Education Merchant 831,Education,Kolkata,West Bengal
MER00832,Clothing Merchant 832,Clothing,New Delhi,Delhi
MER00833,Online Shopping Merchant 833,Online Shopping,Mysuru,Karnataka
MER00834,Travel Merchant 834,Travel,Kanpur,Uttar Pradesh
MER00835,Education Merchant 835,Education,Bengaluru,Karnataka
MER00836,Jewelry Merchant 836,Jewelry,Kozhikode,Kerala
MER00837,Healthcare Merchant 837,Healthcare,Mysuru,Karnataka
MER00838,Jewelry Merchant 838,Jewelry,Mysuru,Karnataka
MER00839,Fuel Merchant 839,Fuel,Madurai,Tamil Nadu
MER00840,Electronics Merchant 840,Electronics,Nagpur,Maharashtra
MER00841,Jewelry Merchant 841,Jewelry,Lucknow,Uttar Pradesh
MER00842,Clothing Merchant 842,Clothing,Vadodara,Gujarat
MER00843,Utilities Merchant 843,Utilities,New Delhi,Delhi
MER00844,Utilities Merchant 844,Utilities,Madurai,Tamil Nadu
MER00845,Grocery Merchant 845,Grocery,Nagpur,Maharashtra
MER00846,Online Shopping Merchant 846,Online Shopping,Nashik,Maharashtra
MER00847,Jewelry Merchant 847,Jewelry,Nagpur,Maharashtra
MER00848,Fuel Merchant 848,Fuel,Noida,Uttar Pradesh
MER00849,Education Merchant 849,Education,New Delhi,Delhi
MER00850,Entertainment Merchant 850,Entertainment,Thiruvananthapuram,Kerala
MER00851,Clothing Merchant 851,Clothing,Warangal,Telangana
MER00852,Electronics Merchant 852,Electronics,Surat,Gujarat
MER00853,Fuel Merchant 853,Fuel,Noida,Uttar Pradesh
MER00854,Online Shopping Merchant 854,Online Shopping,Nagpur,Maharashtra
MER00855,Travel Merchant 855,Travel,Mumbai,Maharashtra
MER00856,Utilities Merchant 856,Utilities,Coimbatore,Tamil Nadu
MER00857,Fuel Merchant 857,Fuel,Madurai,Tamil Nadu
MER00858,Restaurant Merchant 858,Restaurant,New Delhi,Delhi
MER00859,Travel Merchant 859,Travel,Mumbai,Maharashtra
MER00860,Travel Merchant 860,Travel,Kolkata,West Bengal
MER00861,Restaurant Merchant 861,Restaurant,Pune,Maharashtra
MER00862,Entertainment Merchant 862,Entertainment,Coimbatore,Tamil Nadu
MER00863,Restaurant Merchant 863,Restaurant,Udaipur,Rajasthan
MER00864,Healthcare Merchant 864,Healthcare,Bengaluru,Karnataka
MER00865,Jewelry Merchant 865,Jewelry,Jaipur,Rajasthan
MER00866,Fuel Merchant 866,Fuel,Kanpur,Uttar Pradesh
MER00867,Fuel Merchant 867,Fuel,Mangaluru,Karnataka
MER00868,Utilities Merchant 868,Utilities,Ahmedabad,Gujarat
MER00869,Jewelry Merchant 869,Jewelry,Jaipur,Rajasthan
MER00870,Education Merchant 870,Education,Jaipur,Rajasthan
MER00871,Electronics Merchant 871,Electronics,Ahmedabad,Gujarat
MER00872,Travel Merchant 872,Travel,Thiruvananthapuram,Kerala
MER00873,Restaurant Merchant 873,Restaurant,Kolkata,West Bengal
MER00874,Travel Merchant 874,Travel,Coimbatore,Tamil Nadu
MER00875,Entertainment Merchant 875,Entertainment,Surat,Gujarat
MER00876,Travel Merchant 876,Travel,Nagpur,Maharashtra
MER00877,Jewelry Merchant 877,Jewelry,Warangal,Telangana
MER00878,Entertainment Merchant 878,Entertainment,Lucknow,Uttar Pradesh
MER00879,Travel Merchant 879,Travel,Pune,Maharashtra
MER00880,Healthcare Merchant 880,Healthcare,Hubballi,Karnataka
MER00881,Healthcare Merchant 881,Healthcare,Kanpur,Uttar Pradesh
MER00882,Fuel Merchant 882,Fuel,Kolkata,West Bengal
MER00883,Travel Merchant 883,Travel,Lucknow,Uttar Pradesh
MER00884,Entertainment Merchant 884,Entertainment,New Delhi,Delhi
MER00885,Fuel Merchant 885,Fuel,New Delhi,Delhi
MER00886,Utilities Merchant 886,Utilities,New Delhi,Delhi
MER00887,Healthcare Merchant 887,Healthcare,Kolkata,West Bengal
MER00888,Fuel Merchant 888,Fuel,Surat,Gujarat
MER00889,Jewelry Merchant 889,Jewelry,New Delhi,Delhi
MER00890,Education Merchant 890,Education,Hyderabad,Telangana
MER00891,Utilities Merchant 891,Utilities,Jaipur,Rajasthan
MER00892,Entertainment Merchant 892,Entertainment,Kolkata,West Bengal
MER00893,Restaurant Merchant 893,Restaurant,Kozhikode,Kerala
MER00894,Entertainment Merchant 894,Entertainment,Vadodara,Gujarat
MER00895,Travel Merchant 895,Travel,Madurai,Tamil Nadu
MER00896,Education Merchant 896,Education,Warangal,Telangana
MER00897,Fuel Merchant 897,Fuel,Madurai,Tamil Nadu
MER00898,Entertainment Merchant 898,Entertainment,Ahmedabad,Gujarat
MER00899,Jewelry Merchant 899,Jewelry,Kanpur,Uttar Pradesh
MER00900,Clothing Merchant 900,Clothing,Vadodara,Gujarat
MER00901,Grocery Merchant 901,Grocery,Vadodara,Gujarat
MER00902,Restaurant Merchant 902,Restaurant,New Delhi,Delhi
MER00903,Electronics Merchant 903,Electronics,Warangal,Telangana
MER00904,Jewelry Merchant 904,Jewelry,Lucknow,Uttar Pradesh
MER00905,Fuel Merchant 905,Fuel,Surat,Gujarat
MER00906,Restaurant Merchant 906,Restaurant,Mumbai,Maharashtra
MER00907,Clothing Merchant 907,Clothing,Kochi,Kerala
MER00908,Entertainment Merchant 908,Entertainment,Jaipur,Rajasthan
MER00909,Entertainment Merchant 909,Entertainment,New Delhi,Delhi
MER00910,Clothing Merchant 910,Clothing,Noida,Uttar Pradesh
MER00911,Grocery Merchant 911,Grocery,Coimbatore,Tamil Nadu
MER00912,Travel Merchant 912,Travel,Kolkata,West Bengal
MER00913,Restaurant Merchant 913,Restaurant,Ahmedabad,Gujarat
MER00914,Travel Merchant 914,Travel,Coimbatore,Tamil Nadu
MER00915,Online Shopping Merchant 915,Online Shopping,New Delhi,Delhi
MER00916,Healthcare Merchant 916,Healthcare,Udaipur,Rajasthan
MER00917,Entertainment Merchant 917,Entertainment,Kolkata,West Bengal
MER00918,Restaurant Merchant 918,Restaurant,Kolkata,West Bengal
MER00919,Utilities Merchant 919,Utilities,Kochi,Kerala
MER00920,Healthcare Merchant 920,Healthcare,Mumbai,Maharashtra
MER00921,Utilities Merchant 921,Utilities,Pune,Maharashtra
MER00922,Clothing Merchant 922,Clothing,Hyderabad,Telangana
MER00923,Clothing Merchant 923,Clothing,Coimbatore,Tamil Nadu
MER00924,Online Shopping Merchant 924,Online Shopping,Surat,Gujarat
MER00925,Electronics Merchant 925,Electronics,Vadodara,Gujarat
MER00926,Education Merchant 926,Education,Madurai,Tamil Nadu
MER00927,Grocery Merchant 927,Grocery,Surat,Gujarat
MER00928,Entertainment Merchant 928,Entertainment,Lucknow,Uttar Pradesh
MER00929,Fuel Merchant 929,Fuel,Kanpur,Uttar Pradesh
MER00930,Online Shopping Merchant 930,Online Shopping,Mysuru,Karnataka
MER00931,Restaurant Merchant 931,Restaurant,Kozhikode,Kerala
MER00932,Clothing Merchant 932,Clothing,Lucknow,Uttar Pradesh
MER00933,Healthcare Merchant 933,Healthcare,Coimbatore,Tamil Nadu
MER00934,Restaurant Merchant 934,Restaurant,Warangal,Telangana
MER00935,Entertainment Merchant 935,Entertainment,Kozhikode,Kerala
MER00936,Jewelry Merchant 936,Jewelry,Udaipur,Rajasthan
MER00937,Fuel Merchant 937,Fuel,Vadodara,Gujarat
MER00938,Healthcare Merchant 938,Healthcare,Lucknow,Uttar Pradesh
MER00939,Jewelry Merchant 939,Jewelry,New Delhi,Delhi
MER00940,Utilities Merchant 940,Utilities,Madurai,Tamil Nadu
MER00941,Jewelry Merchant 941,Jewelry,Kozhikode,Kerala
MER00942,Healthcare Merchant 942,Healthcare,Pune,Maharashtra
MER00943,Travel Merchant 943,Travel,Pune,Maharashtra
MER00944,Healthcare Merchant 944,Healthcare,Pune,Maharashtra
MER00945,Fuel Merchant 945,Fuel,Madurai,Tamil Nadu
MER00946,Electronics Merchant 946,Electronics,Vadodara,Gujarat
MER00947,Fuel Merchant 947,Fuel,Kanpur,Uttar Pradesh
MER00948,Education Merchant 948,Education,Coimbatore,Tamil Nadu
MER00949,Clothing Merchant 949,Clothing,Jaipur,Rajasthan
MER00950,Travel Merchant 950,Travel,Coimbatore,Tamil Nadu
MER00951,Healthcare Merchant 951,Healthcare,Chennai,Tamil Nadu
MER00952,Healthcare Merchant 952,Healthcare,Kolkata,West Bengal
MER00953,Electronics Merchant 953,Electronics,Hubballi,Karnataka
MER00954,Clothing Merchant 954,Clothing,Warangal,Telangana
MER00955,Fuel Merchant 955,Fuel,Udaipur,Rajasthan
MER00956,Utilities Merchant 956,Utilities,Kolkata,West Bengal
MER00957,Electronics Merchant 957,Electronics,Kolkata,West Bengal
MER00958,Online Shopping Merchant 958,Online Shopping,Mumbai,Maharashtra
MER00959,Travel Merchant 959,Travel,Kochi,Kerala
MER00960,Electronics Merchant 960,Electronics,Warangal,Telangana
MER00961,Clothing Merchant 961,Clothing,Kolkata,West Bengal
MER00962,Jewelry Merchant 962,Jewelry,Jaipur,Rajasthan
MER00963,Clothing Merchant 963,Clothing,Nagpur,Maharashtra
MER00964,Utilities Merchant 964,Utilities,New Delhi,Delhi
MER00965,Fuel Merchant 965,Fuel,Kolkata,West Bengal
MER00966,Travel Merchant 966,Travel,Pune,Maharashtra
MER00967,Travel Merchant 967,Travel,Hubballi,Karnataka
MER00968,Entertainment Merchant 968,Entertainment,New Delhi,Delhi
MER00969,Online Shopping Merchant 969,Online Shopping,Pune,Maharashtra
MER00970,Healthcare Merchant 970,Healthcare,Noida,Uttar Pradesh
MER00971,Fuel Merchant 971,Fuel,Noida,Uttar Pradesh
MER00972,Electronics Merchant 972,Electronics,Madurai,Tamil Nadu
MER00973,Grocery Merchant 973,Grocery,Hyderabad,Telangana
MER00974,Clothing Merchant 974,Clothing,Kanpur,Uttar Pradesh
MER00975,Clothing Merchant 975,Clothing,Kozhikode,Kerala
MER00976,Utilities Merchant 976,Utilities,Coimbatore,Tamil Nadu
MER00977,Jewelry Merchant 977,Jewelry,Thiruvananthapuram,Kerala
MER00978,Education Merchant 978,Education,Kozhikode,Kerala
MER00979,Fuel Merchant 979,Fuel,Pune,Maharashtra
MER00980,Education Merchant 980,Education,Mangaluru,Karnataka
MER00981,Electronics Merchant 981,Electronics,Madurai,Tamil Nadu
MER00982,Utilities Merchant 982,Utilities,Hyderabad,Telangana
MER00983,Education Merchant 983,Education,New Delhi,Delhi
MER00984,Electronics Merchant 984,Electronics,Surat,Gujarat
MER00985,Travel Merchant 985,Travel,Noida,Uttar Pradesh
MER00986,Entertainment Merchant 986,Entertainment,Surat,Gujarat
MER00987,Fuel Merchant 987,Fuel,Mumbai,Maharashtra
MER00988,Utilities Merchant 988,Utilities,Udaipur,Rajasthan
MER00989,Entertainment Merchant 989,Entertainment,New Delhi,Delhi
MER00990,Utilities Merchant 990,Utilities,New Delhi,Delhi
MER00991,Education Merchant 991,Education,Nashik,Maharashtra
MER00992,Clothing Merchant 992,Clothing,New Delhi,Delhi
MER00993,Fuel Merchant 993,Fuel,Ahmedabad,Gujarat
MER00994,Travel Merchant 994,Travel,Warangal,Telangana
MER00995,Healthcare Merchant 995,Healthcare,New Delhi,Delhi
MER00996,Jewelry Merchant 996,Jewelry,Jaipur,Rajasthan
MER00997,Education Merchant 997,Education,Kolkata,West Bengal
MER00998,Restaurant Merchant 998,Restaurant,Bengaluru,Karnataka
MER00999,Restaurant Merchant 999,Restaurant,Kolkata,West Bengal
MER01000,Entertainment Merchant 1000,Entertainment,Coimbatore,Tamil Nadu
